delivery_id,route_id,customer_id,vehicle_id,latitude,longitude,item_type,item_size,item_weight_kg,delivery_time_start,delivery_time_end,service_time_minutes,priority,sequence
D005,R01,C105,V01,13.08987,80.30119,Monitor,Medium,3.8,09:00,13:00,10,Normal,1
D019,R01,C119,V01,13.08263,80.30449,Air Conditioner,Large,14.6,09:00,13:00,10,Normal,2
D003,R01,C103,V01,13.0814,80.30863,Refrigerator,Extra Large,25.7,09:00,13:00,10,High,3
D016,R01,C116,V01,13.08364,80.32841,Television,Large,10.4,09:00,13:00,10,Normal,4
D007,R01,C107,V01,13.07861,80.33025,Air Conditioner,Large,14.2,09:00,13:00,10,Urgent,5
D008,R01,C108,V01,13.08745,80.33048,Microwave,Medium,7.4,09:00,13:00,10,Normal,6
D013,R01,C113,V01,13.09605,80.33202,Microwave,Medium,7.4,10:00,15:00,10,High,7
D010,R01,C110,V01,13.06094,80.3464,Microwave,Medium,5.5,10:00,15:00,10,Normal,8
D011,R01,C111,V01,13.07104,80.34888,Laptop,Small,1.1,10:00,15:00,10,Normal,9
D012,R01,C112,V01,13.08693,80.36273,Television,Large,11.7,10:00,15:00,10,Urgent,10
D009,R01,C109,V01,13.08636,80.37429,Printer,Medium,5.1,10:00,15:00,10,Normal,11
D018,R01,C118,V01,13.07822,80.3757,Laptop,Small,1.9,10:00,15:00,10,Normal,12
D014,R01,C114,V01,13.0788,80.38875,Refrigerator,Extra Large,25.9,12:00,17:00,10,High,13
D002,R01,C102,V01,13.08001,80.40362,Monitor,Medium,3.1,12:00,17:00,10,Normal,14
D015,R01,C115,V01,13.07201,80.40476,Laptop,Small,1.6,12:00,17:00,10,Urgent,15
D017,R01,C117,V01,13.06973,80.41809,Smartphone,Small,0.6,12:00,17:00,10,Normal,16
D001,R01,C101,V01,13.09404,80.42665,Laptop,Small,1.0,09:00,18:00,10,Normal,17
D004,R01,C104,V01,13.07654,80.45055,Smartphone,Small,0.3,09:00,18:00,10,Normal,18
D020,R01,C120,V01,13.05384,80.45589,Printer,Medium,4.1,09:00,18:00,10,Normal,19
D006,R01,C106,V01,13.10487,80.46758,Refrigerator,Extra Large,26.5,09:00,18:00,10,Urgent,20
D033,R02,C133,V02,13.09676,80.29552,Television,Large,8.6,09:00,13:00,10,Normal,1
D036,R02,C136,V02,13.11028,80.30002,Air Conditioner,Large,17.0,09:00,13:00,10,High,2
D031,R02,C131,V02,13.10762,80.30254,Refrigerator,Extra Large,29.0,09:00,13:00,10,Urgent,3
D025,R02,C125,V02,13.11111,80.3027,Smartphone,Small,0.4,09:00,13:00,10,Normal,4
D026,R02,C126,V02,13.11955,80.32005,Television,Large,9.5,09:00,13:00,10,Normal,5
D028,R02,C128,V02,13.12316,80.33367,Television,Large,8.6,09:00,13:00,10,High,6
D029,R02,C129,V02,13.12255,80.33607,Air Conditioner,Large,19.1,10:00,15:00,10,High,7
D039,R02,C139,V02,13.12509,80.34067,Smartphone,Small,0.6,10:00,15:00,10,Normal,8
D021,R02,C121,V02,13.13759,80.33099,Microwave,Medium,7.1,10:00,15:00,10,Normal,9
D040,R02,C140,V02,13.12942,80.34074,Refrigerator,Extra Large,30.6,10:00,15:00,10,Normal,10
D027,R02,C127,V02,13.13637,80.34937,Monitor,Medium,4.8,10:00,15:00,10,Urgent,11
D022,R02,C122,V02,13.13267,80.37823,Printer,Medium,4.6,10:00,15:00,10,Normal,12
D030,R02,C130,V02,13.16762,80.35763,Printer,Medium,3.8,12:00,17:00,10,Normal,13
D038,R02,C138,V02,13.1562,80.38538,Refrigerator,Extra Large,26.9,12:00,17:00,10,Urgent,14
D035,R02,C135,V02,13.19489,80.38644,Laptop,Small,1.2,12:00,17:00,10,Normal,15
D024,R02,C124,V02,13.18035,80.40045,Refrigerator,Extra Large,26.6,12:00,17:00,10,Normal,16
D034,R02,C134,V02,13.19257,80.39929,Refrigerator,Extra Large,28.7,09:00,18:00,10,Normal,17
D037,R02,C137,V02,13.16686,80.42795,Air Conditioner,Large,17.0,09:00,18:00,10,High,18
D023,R02,C123,V02,13.16299,80.45087,Printer,Medium,4.4,09:00,18:00,10,Normal,19
D032,R02,C132,V02,13.18853,80.44001,Air Conditioner,Large,19.2,09:00,18:00,10,High,20
D059,R03,C159,V03,13.1099,80.27842,Laptop,Small,1.3,09:00,13:00,10,Urgent,1
D054,R03,C154,V03,13.13961,80.28655,Refrigerator,Extra Large,26.2,09:00,13:00,10,Urgent,2
D057,R03,C157,V03,13.14302,80.29831,Television,Large,9.7,09:00,13:00,10,Urgent,3
D047,R03,C147,V03,13.1599,80.29531,Refrigerator,Extra Large,31.9,09:00,13:00,10,Urgent,4
D049,R03,C149,V03,13.17417,80.30467,Television,Large,11.9,09:00,13:00,10,Normal,5
D058,R03,C158,V03,13.1763,80.30723,Washing Machine,Extra Large,23.4,09:00,13:00,10,Normal,6
D046,R03,C146,V03,13.18259,80.27887,Television,Large,11.3,10:00,15:00,10,Urgent,7
D042,R03,C142,V03,13.1899,80.28294,Washing Machine,Extra Large,22.5,10:00,15:00,10,Normal,8
D048,R03,C148,V03,13.18951,80.31185,Television,Large,9.9,10:00,15:00,10,Normal,9
D060,R03,C160,V03,13.19285,80.30261,Refrigerator,Extra Large,26.7,10:00,15:00,10,Normal,10
D045,R03,C145,V03,13.19331,80.30827,Refrigerator,Extra Large,29.6,10:00,15:00,10,Normal,11
D044,R03,C144,V03,13.19555,80.32118,Laptop,Small,1.9,10:00,15:00,10,Normal,12
D050,R03,C150,V03,13.23378,80.31206,Monitor,Medium,2.6,12:00,17:00,10,Urgent,13
D043,R03,C143,V03,13.23467,80.31219,Refrigerator,Extra Large,30.7,12:00,17:00,10,Urgent,14
D053,R03,C153,V03,13.24473,80.30043,Printer,Medium,3.4,12:00,17:00,10,High,15
D055,R03,C155,V03,13.24058,80.32077,Air Conditioner,Large,19.7,12:00,17:00,10,Urgent,16
D052,R03,C152,V03,13.23567,80.33515,Laptop,Small,2.0,09:00,18:00,10,Urgent,17
D041,R03,C141,V03,13.2583,80.3058,Laptop,Small,1.3,09:00,18:00,10,Normal,18
D056,R03,C156,V03,13.26055,80.30183,Monitor,Medium,4.3,09:00,18:00,10,High,19
D051,R03,C151,V03,13.25149,80.35132,Laptop,Small,1.1,09:00,18:00,10,High,20
D068,R04,C168,V04,13.11445,80.26025,Air Conditioner,Large,15.2,09:00,13:00,10,High,1
D077,R04,C177,V04,13.11624,80.26495,Printer,Medium,4.2,09:00,13:00,10,High,2
D069,R04,C169,V04,13.11668,80.25901,Washing Machine,Extra Large,29.0,09:00,13:00,10,Normal,3
D061,R04,C161,V04,13.13,80.26574,Smartphone,Small,0.3,09:00,13:00,10,Normal,4
D071,R04,C171,V04,13.13243,80.25572,Laptop,Small,1.2,09:00,13:00,10,Normal,5
D080,R04,C180,V04,13.13661,80.25209,Microwave,Medium,7.8,09:00,13:00,10,High,6
D073,R04,C173,V04,13.14258,80.23826,Printer,Medium,3.8,10:00,15:00,10,Normal,7
D066,R04,C166,V04,13.14963,80.24922,Washing Machine,Extra Large,24.3,10:00,15:00,10,High,8
D070,R04,C170,V04,13.14063,80.22225,Laptop,Small,1.1,10:00,15:00,10,Normal,9
D067,R04,C167,V04,13.15846,80.26865,Air Conditioner,Large,13.9,10:00,15:00,10,Normal,10
D062,R04,C162,V04,13.16486,80.24907,Monitor,Medium,2.7,10:00,15:00,10,Normal,11
D072,R04,C172,V04,13.18643,80.23069,Refrigerator,Extra Large,28.4,10:00,15:00,10,High,12
D063,R04,C163,V04,13.19369,80.2367,Television,Large,7.9,12:00,17:00,10,Normal,13
D076,R04,C176,V04,13.2008,80.25806,Smartphone,Small,0.7,12:00,17:00,10,Normal,14
D078,R04,C178,V04,13.20752,80.2408,Monitor,Medium,4.7,12:00,17:00,10,Normal,15
D075,R04,C175,V04,13.19995,80.20104,Laptop,Small,1.1,12:00,17:00,10,Urgent,16
D079,R04,C179,V04,13.21971,80.2592,Printer,Medium,4.1,09:00,18:00,10,High,17
D064,R04,C164,V04,13.21984,80.21532,Microwave,Medium,7.0,09:00,18:00,10,Normal,18
D074,R04,C174,V04,13.22076,80.20622,Laptop,Small,1.4,09:00,18:00,10,Urgent,19
D065,R04,C165,V04,13.26266,80.20267,Refrigerator,Extra Large,26.0,09:00,18:00,10,Urgent,20
D095,R05,C195,V05,13.09809,80.24682,Monitor,Medium,3.2,09:00,13:00,10,Normal,1
D087,R05,C187,V05,13.11552,80.24224,Printer,Medium,3.2,09:00,13:00,10,Urgent,2
D082,R05,C182,V05,13.1022,80.2228,Washing Machine,Extra Large,23.7,09:00,13:00,10,Normal,3
D096,R05,C196,V05,13.1193,80.22917,Microwave,Medium,6.4,09:00,13:00,10,Normal,4
D093,R05,C193,V05,13.11919,80.22887,Refrigerator,Extra Large,27.4,09:00,13:00,10,Normal,5
D098,R05,C198,V05,13.11729,80.2137,Laptop,Small,1.1,09:00,13:00,10,Normal,6
D099,R05,C199,V05,13.14056,80.21,Refrigerator,Extra Large,27.0,10:00,15:00,10,Normal,7
D089,R05,C189,V05,13.12998,80.19811,Laptop,Small,1.7,10:00,15:00,10,Normal,8
D090,R05,C190,V05,13.12515,80.19297,Air Conditioner,Large,13.4,10:00,15:00,10,Urgent,9
D086,R05,C186,V05,13.17136,80.18456,Refrigerator,Extra Large,31.9,10:00,15:00,10,Urgent,10
D097,R05,C197,V05,13.13003,80.13694,Smartphone,Small,0.5,10:00,15:00,10,Urgent,11
D100,R05,C200,V05,13.15831,80.13201,Laptop,Small,1.9,10:00,15:00,10,Normal,12
D092,R05,C192,V05,13.17117,80.1332,Laptop,Small,1.4,12:00,17:00,10,Urgent,13
D085,R05,C185,V05,13.16364,80.12084,Smartphone,Small,0.3,12:00,17:00,10,High,14
D084,R05,C184,V05,13.19366,80.12886,Refrigerator,Extra Large,25.5,12:00,17:00,10,Normal,15
D091,R05,C191,V05,13.1762,80.11415,Monitor,Medium,3.9,12:00,17:00,10,Normal,16
D088,R05,C188,V05,13.18477,80.11773,Laptop,Small,1.9,09:00,18:00,10,Normal,17
D094,R05,C194,V05,13.18383,80.11679,Monitor,Medium,4.2,09:00,18:00,10,Normal,18
D083,R05,C183,V05,13.20844,80.13096,Monitor,Medium,4.9,09:00,18:00,10,Urgent,19
D081,R05,C181,V05,13.21263,80.1321,Microwave,Medium,6.3,09:00,18:00,10,Urgent,20
D113,R06,C213,V06,13.08369,80.24025,Air Conditioner,Large,16.7,09:00,13:00,10,Normal,1
D110,R06,C210,V06,13.0867,80.23894,Microwave,Medium,5.1,09:00,13:00,10,Normal,2
D104,R06,C204,V06,13.09046,80.20053,Microwave,Medium,7.8,09:00,13:00,10,Normal,3
D103,R06,C203,V06,13.08537,80.1964,Smartphone,Small,0.6,09:00,13:00,10,Urgent,4
D109,R06,C209,V06,13.07566,80.19395,Smartphone,Small,0.3,09:00,13:00,10,High,5
D118,R06,C218,V06,13.10101,80.1894,Television,Large,8.6,09:00,13:00,10,Normal,6
D108,R06,C208,V06,13.05862,80.15911,Microwave,Medium,6.5,10:00,15:00,10,Normal,7
D102,R06,C202,V06,13.07501,80.14333,Microwave,Medium,6.8,10:00,15:00,10,Urgent,8
D107,R06,C207,V06,13.08245,80.14157,Monitor,Medium,4.3,10:00,15:00,10,Normal,9
D106,R06,C206,V06,13.07579,80.13222,Refrigerator,Extra Large,26.2,10:00,15:00,10,Normal,10
D101,R06,C201,V06,13.0626,80.12888,Microwave,Medium,5.5,10:00,15:00,10,Urgent,11
D120,R06,C220,V06,13.10985,80.12325,Air Conditioner,Large,19.8,10:00,15:00,10,Normal,12
D117,R06,C217,V06,13.10458,80.09481,Smartphone,Small,0.4,12:00,17:00,10,Normal,13
D116,R06,C216,V06,13.08459,80.09306,Refrigerator,Extra Large,26.1,12:00,17:00,10,Normal,14
D105,R06,C205,V06,13.08478,80.0862,Printer,Medium,3.8,12:00,17:00,10,Normal,15
D114,R06,C214,V06,13.06283,80.08091,Laptop,Small,1.9,12:00,17:00,10,Normal,16
D119,R06,C219,V06,13.07669,80.07854,Laptop,Small,1.4,09:00,18:00,10,Urgent,17
D111,R06,C211,V06,13.11277,80.08017,Printer,Medium,4.9,09:00,18:00,10,Normal,18
D112,R06,C212,V06,13.06894,80.07583,Printer,Medium,5.2,09:00,18:00,10,Urgent,19
D115,R06,C215,V06,13.06908,80.07411,Refrigerator,Extra Large,25.3,09:00,18:00,10,Normal,20
D134,R07,C234,V07,13.06416,80.24245,Smartphone,Small,0.3,09:00,13:00,10,High,1
D140,R07,C240,V07,13.05493,80.23885,Monitor,Medium,3.4,09:00,13:00,10,Normal,2
D137,R07,C237,V07,13.05689,80.22821,Laptop,Small,1.4,09:00,13:00,10,Urgent,3
D135,R07,C235,V07,13.01971,80.22691,Television,Large,11.1,09:00,13:00,10,Normal,4
D126,R07,C226,V07,13.028,80.21465,Monitor,Medium,3.0,09:00,13:00,10,High,5
D132,R07,C232,V07,13.02635,80.20553,Television,Large,12.2,09:00,13:00,10,Normal,6
D125,R07,C225,V07,13.01974,80.20676,Air Conditioner,Large,19.0,10:00,15:00,10,High,7
D138,R07,C238,V07,12.99986,80.18672,Monitor,Medium,3.1,10:00,15:00,10,High,8
D133,R07,C233,V07,13.02092,80.15794,Microwave,Medium,5.5,10:00,15:00,10,Normal,9
D136,R07,C236,V07,13.03897,80.14702,Air Conditioner,Large,17.0,10:00,15:00,10,Urgent,10
D121,R07,C221,V07,13.01977,80.15123,Monitor,Medium,4.7,10:00,15:00,10,Normal,11
D139,R07,C239,V07,13.01617,80.1517,Smartphone,Small,0.5,10:00,15:00,10,Urgent,12
D130,R07,C230,V07,12.95351,80.22008,Microwave,Medium,6.1,12:00,17:00,10,Urgent,13
D124,R07,C224,V07,13.01484,80.12897,Microwave,Medium,5.5,12:00,17:00,10,Normal,14
D129,R07,C229,V07,12.97656,80.14279,Air Conditioner,Large,15.0,12:00,17:00,10,Normal,15
D127,R07,C227,V07,12.96893,80.13359,Television,Large,9.0,12:00,17:00,10,Normal,16
D123,R07,C223,V07,12.97729,80.12445,Air Conditioner,Large,18.5,09:00,18:00,10,Normal,17
D131,R07,C231,V07,12.95765,80.13868,Air Conditioner,Large,17.6,09:00,18:00,10,Urgent,18
D128,R07,C228,V07,12.96383,80.12739,Monitor,Medium,2.6,09:00,18:00,10,Normal,19
D122,R07,C222,V07,12.96357,80.11027,Air Conditioner,Large,12.7,09:00,18:00,10,Normal,20
D155,R08,C255,V08,13.05344,80.26695,Washing Machine,Extra Large,25.6,09:00,13:00,10,Urgent,1
D145,R08,C245,V08,13.05423,80.25719,Air Conditioner,Large,17.6,09:00,13:00,10,Normal,2
D158,R08,C258,V08,13.03978,80.26186,Smartphone,Small,0.7,09:00,13:00,10,Normal,3
D156,R08,C256,V08,13.03989,80.25105,Monitor,Medium,4.3,09:00,13:00,10,High,4
D159,R08,C259,V08,13.04323,80.22895,Air Conditioner,Large,14.1,09:00,13:00,10,Urgent,5
D148,R08,C248,V08,13.02697,80.26003,Television,Large,9.8,09:00,13:00,10,High,6
D154,R08,C254,V08,13.01415,80.25939,Washing Machine,Extra Large,27.1,10:00,15:00,10,Normal,7
D144,R08,C244,V08,13.0123,80.24943,Refrigerator,Extra Large,26.0,10:00,15:00,10,High,8
D147,R08,C247,V08,12.98842,80.24718,Microwave,Medium,5.9,10:00,15:00,10,High,9
D153,R08,C253,V08,12.98385,80.27112,Printer,Medium,3.1,10:00,15:00,10,Normal,10
D160,R08,C260,V08,12.99229,80.22381,Washing Machine,Extra Large,22.9,10:00,15:00,10,Normal,11
D157,R08,C257,V08,12.97781,80.24348,Washing Machine,Extra Large,25.5,10:00,15:00,10,Normal,12
D141,R08,C241,V08,12.96873,80.23357,Television,Large,10.6,12:00,17:00,10,Normal,13
D149,R08,C249,V08,12.97054,80.22399,Monitor,Medium,3.8,12:00,17:00,10,Normal,14
D142,R08,C242,V08,12.95795,80.21475,Microwave,Medium,6.5,12:00,17:00,10,High,15
D150,R08,C250,V08,12.94586,80.20928,Laptop,Small,1.3,12:00,17:00,10,Urgent,16
D152,R08,C252,V08,12.93175,80.24306,Microwave,Medium,5.7,09:00,18:00,10,Normal,17
D143,R08,C243,V08,12.94973,80.17367,Television,Large,9.5,09:00,18:00,10,Normal,18
D151,R08,C251,V08,12.91585,80.17638,Television,Large,8.0,09:00,18:00,10,Normal,19
D146,R08,C246,V08,12.90133,80.20664,Microwave,Medium,6.2,09:00,18:00,10,Normal,20
D162,R09,C262,V09,13.04809,80.27425,Refrigerator,Extra Large,32.4,09:00,13:00,10,Urgent,1
D165,R09,C265,V09,13.04414,80.27737,Washing Machine,Extra Large,29.2,09:00,13:00,10,High,2
D173,R09,C273,V09,13.04595,80.28474,Monitor,Medium,2.7,09:00,13:00,10,High,3
D175,R09,C275,V09,13.03665,80.28156,Smartphone,Small,0.4,09:00,13:00,10,High,4
D174,R09,C274,V09,13.00305,80.28905,Television,Large,10.2,09:00,13:00,10,High,5
D169,R09,C269,V09,12.9929,80.32749,Washing Machine,Extra Large,23.1,09:00,13:00,10,Normal,6
D163,R09,C263,V09,12.98509,80.32946,Television,Large,12.3,10:00,15:00,10,High,7
D170,R09,C270,V09,12.96327,80.28654,Monitor,Medium,3.2,10:00,15:00,10,Normal,8
D168,R09,C268,V09,12.96127,80.30338,Washing Machine,Extra Large,27.2,10:00,15:00,10,Normal,9
D161,R09,C261,V09,12.96763,80.34461,Laptop,Small,1.5,10:00,15:00,10,High,10
D166,R09,C266,V09,12.95566,80.32332,Washing Machine,Extra Large,24.4,10:00,15:00,10,Normal,11
D176,R09,C276,V09,12.95045,80.33489,Air Conditioner,Large,19.3,10:00,15:00,10,Urgent,12
D177,R09,C277,V09,12.94501,80.33883,Smartphone,Small,0.7,12:00,17:00,10,Urgent,13
D179,R09,C279,V09,12.92998,80.30082,Microwave,Medium,7.3,12:00,17:00,10,High,14
D178,R09,C278,V09,12.9287,80.33026,Air Conditioner,Large,16.1,12:00,17:00,10,Normal,15
D180,R09,C280,V09,12.92192,80.30937,Refrigerator,Extra Large,30.6,12:00,17:00,10,Urgent,16
D164,R09,C264,V09,12.90991,80.28828,Refrigerator,Extra Large,28.2,09:00,18:00,10,Urgent,17
D172,R09,C272,V09,12.91524,80.34388,Monitor,Medium,3.5,09:00,18:00,10,Normal,18
D167,R09,C267,V09,12.90455,80.33225,Microwave,Medium,7.3,09:00,18:00,10,Urgent,19
D171,R09,C271,V09,12.89922,80.3272,Refrigerator,Extra Large,25.6,09:00,18:00,10,Normal,20
D195,R10,C295,V10,13.06097,80.30129,Monitor,Medium,4.6,09:00,13:00,10,Urgent,1
D200,R10,C300,V10,13.0537,80.30513,Printer,Medium,5.9,09:00,13:00,10,Normal,2
D185,R10,C285,V10,13.0611,80.31085,Refrigerator,Extra Large,25.2,09:00,13:00,10,High,3
D198,R10,C298,V10,13.0542,80.30916,Washing Machine,Extra Large,27.7,09:00,13:00,10,Normal,4
D191,R10,C291,V10,13.03001,80.32865,Microwave,Medium,7.5,09:00,13:00,10,High,5
D187,R10,C287,V10,13.04841,80.34696,Printer,Medium,5.6,09:00,13:00,10,Normal,6
D192,R10,C292,V10,13.05694,80.35201,Smartphone,Small,0.6,10:00,15:00,10,Normal,7
D197,R10,C297,V10,13.04232,80.34993,Laptop,Small,1.6,10:00,15:00,10,Normal,8
D181,R10,C281,V10,13.02915,80.34587,Monitor,Medium,3.7,10:00,15:00,10,Normal,9
D184,R10,C284,V10,13.02121,80.35226,Printer,Medium,5.5,10:00,15:00,10,Normal,10
D196,R10,C296,V10,12.99902,80.36056,Printer,Medium,3.7,10:00,15:00,10,High,11
D190,R10,C290,V10,13.00716,80.37318,Air Conditioner,Large,14.6,10:00,15:00,10,High,12
D199,R10,C299,V10,13.01142,80.38579,Printer,Medium,4.8,12:00,17:00,10,Normal,13
D182,R10,C282,V10,12.99099,80.40521,Air Conditioner,Large,16.1,12:00,17:00,10,High,14
D194,R10,C294,V10,13.00359,80.41605,Smartphone,Small,0.6,12:00,17:00,10,Normal,15
D193,R10,C293,V10,13.01134,80.42061,Television,Large,8.6,12:00,17:00,10,Normal,16
D183,R10,C283,V10,12.99233,80.42331,Television,Large,10.8,09:00,18:00,10,High,17
D188,R10,C288,V10,12.97717,80.42081,Smartphone,Small,0.4,09:00,18:00,10,Normal,18
D186,R10,C286,V10,12.99468,80.43368,Smartphone,Small,0.3,09:00,18:00,10,High,19
D189,R10,C289,V10,12.97876,80.43368,Monitor,Medium,3.6,09:00,18:00,10,Normal,20
